report_date,total_purchase_amt,total_redeem_amt,x,Unnamed: 4,Unnamed: 5,p,r
20130701,32488348,5525022,1,0.0,0.0,,
20130702,29037390,4677812,2,0.10622140599999999,0.537640212,0.10622140599999999,0.15334056599999998
20130703,27270770,5680802,3,0.06083949,1.330692945,0.06083949,0.214414346
20130704,18321185,6410729,4,0.328175002,0.07673365900000001,0.328175002,0.12849013199999998
20130705,22240402,3596983,5,0.36419238200000004,0.56891221,0.213917222,0.43891201799999996
20130706,22651302,3287550,6,2.154954408,0.415022939,0.018475385,0.086025705
20130707,29623933,4475507,7,0.756138182,1.463595679,0.307824733,0.36135024600000004
20130708,37893713,5489940,1,5.388839967999999,1.095979019,0.279158746,0.226663258
20130709,31796386,3853389,2,0.531963804,0.583951635,0.160906032,0.29809997899999996
20130710,30696506,2597169,3,0.145437277,0.252195543,0.034591353,0.326003941
20130711,36318535,3508800,4,0.435837584,0.35100950299999994,0.183148825,0.35100950299999994
20130712,34183904,4159881,5,0.22441857699999998,1.4203639419999998,0.058775250999999994,0.18555660100000002
20130713,23987974,3809445,6,0.556378435,0.589897078,0.298266986,0.084241833
20130714,31577277,2784107,7,0.491310586,0.200619094,0.316379491,0.269156793
20130715,41881005,7538743,1,1.128141064,3.708131907,0.32630198,1.861651151
20130716,50622847,10105079,2,0.051825616,0.09482510000000001,0.208730473,0.48923911600000003
20130717,34624344,10911513,3,0.42682635,0.080359842,0.316033253,0.080359842
20130718,24234505,11765356,4,0.164779067,0.078251568,0.300073237,0.078251568
20130719,26117902,9244769,5,0.389759106,0.214238056,0.077715513,0.214238056
20130720,22566458,5509081,6,0.393141219,0.502297678,0.135977384,0.404086679
20130721,21142394,7866765,7,0.034410308,0.417246758,0.06310534,0.42796321200000004
20130722,35529903,16059678,1,0.9131653679999999,6.139837267000001,0.732287933,1.020343305
20130723,48822603,24478958,2,0.437274011,0.27474460100000003,0.333050765,0.53638919
20130724,48422518,32958493,3,0.167084155,0.485761196,0.008194668,0.349723325
20130725,57433418,38212836,4,0.18608904199999998,0.053897405,0.18608904199999998,0.159423036
20130726,44721817,39192369,5,0.221327608,0.025633612000000004,0.221327608,0.025633612000000004
20130727,32723883,25159886,6,0.61552432,0.615769769,0.26827921600000004,0.358041204
20130728,40830447,15642466,7,1.1085512990000002,0.489789123,0.247726225,0.378277549
20130729,47274588,15763470,1,0.47597606299999995,1.420780062,0.15782685400000002,0.007735609
20130730,47481243,13048582,2,0.11270041199999999,0.298439344,0.004371376,0.17222654699999998
20130731,54569637,9534040,3,0.149288299,0.26934283,0.149288299,0.26934283
20130801,53369962,19176557,4,0.021984295,0.978643681,0.021984295,1.107696003
20130802,38064536,27900775,5,0.286779781,1.128380668,0.286779781,0.388453454
20130803,35135193,18955512,6,0.43265329700000005,0.484398493,0.07695727599999999,0.32060984
20130804,41504216,14338994,7,1.118248794,0.600809292,0.181271895,0.24354488600000002
20130805,43632203,15512629,1,0.046191699,0.9116134929999999,0.051271585999999994,0.081849187
20130806,50866184,16401387,2,0.165794539,0.038226285,0.165794539,0.057292545
20130807,43908081,23724557,3,0.136792314,0.8113532720000001,0.136792314,0.446496994
20130808,44493490,29551691,4,0.013332603,0.005285151,0.013332603,0.245616135
20130809,33425186,30131015,5,0.248762325,0.019603751000000003,0.248762325,0.019603751000000003
20130810,36520012,26614408,6,0.383240321,0.116710539,0.09258964199999999,0.116710539
20130811,53574541,15372680,7,1.6931223000000002,0.42239256299999994,0.525946295,0.42239256299999994
20130812,68476035,22322436,1,0.702472623,0.859576144,0.22876390300000002,0.483430345
20130813,49246040,28790328,2,0.48454654799999997,0.007124265,0.280828103,0.262495582
20130814,40736143,32160446,3,0.373140581,0.47789122100000003,0.17280368100000001,0.117057298
20130815,41613633,39519872,4,0.38898497200000004,2.503222294,0.021540822,0.22883470000000003
20130816,41683536,33739844,5,0.017389551,0.35928076,0.00167981,0.146256243
20130817,39685715,24031992,6,0.576079174,0.86144029,0.0479283,0.287726642
20130818,59790289,20478423,7,2.378683558,2.255263174,0.567914324,0.147868267
20130819,77461352,26316302,1,0.8287865059999999,0.86218303,0.244882999,0.285074637
20130820,56440435,30131225,2,0.508394946,0.063232597,0.271372968,0.144964251
20130821,38184446,29983342,3,0.288605796,0.004907965,0.323455852,0.004907965
20130822,46339725,25000672,4,1.3342157959999998,0.166181275,0.21357594100000002,0.166181275
20130823,45770143,25680323,5,0.575022307,0.027185308999999998,0.012291441,0.027185308999999998
20130824,44367268,14316598,6,0.17130245800000002,0.44250709,0.03065044,0.44250709
20130825,43306288,18117808,7,0.023913575,0.265510703,0.023913575,0.265510703
20130826,54356952,20637986,1,0.720224578,0.13909949800000002,0.255174583,0.13909949800000002
20130827,48742433,28388542,2,0.39234725,1.913929344,0.103289806,0.493885111
20130828,46602319,33696861,3,0.029475351,0.43967097899999996,0.04390659,0.09296167699999999
20130829,47518666,35944968,4,0.01966312,0.066715621,0.01966312,0.066715621
20130830,56488844,20630752,5,0.188771671,0.42604617100000003,0.188771671,0.42604617100000003
20130831,47655303,22012016,6,0.156376735,0.066951704,0.156376735,0.066951704
20130901,56239802,28370336,7,0.18013732899999998,1.695798013,0.18013732899999998,0.288856777
20130902,72524135,30053165,1,1.504360506,0.700277397,0.289551748,0.059316499
20130903,68801798,32277969,2,0.42839270700000004,1.211244605,0.051325493,0.074028942
20130904,46961670,27452600,3,0.585547303,0.301960448,0.317435425,0.149494195
20130905,38716505,21800904,4,0.160333378,0.205871065,0.175572227,0.205871065
20130906,38923186,25187743,5,0.005338318000000001,0.532867765,0.005338318000000001,0.155353145
20130907,34076183,20344424,6,0.124527396,0.39121183,0.124527396,0.19228872600000002
20130908,38796909,14919122,7,0.138534471,0.26667267699999997,0.138534471,0.26667267699999997
20130909,49312473,26749573,1,0.271041283,2.05790019,0.271041283,0.890274508
20130910,74889787,37128363,2,0.920085067,0.186159628,0.549555829,0.316550913
20130911,98944459,51316555,3,0.044995032000000004,0.930440133,0.294873871,0.382138906
20130912,68573684,45147220,4,0.30694770899999996,0.370103966,0.30694770899999996,0.120221145
20130913,71655946,60512675,5,0.044948176,0.34034111100000003,0.044948176,0.34034111100000003
20130914,46563690,36312660,6,0.567719851,0.39991646399999997,0.350176886,0.39991646399999997
20130915,37059683,25020715,7,0.196421404,0.310964413,0.204107686,0.310964413
20130916,57878649,41772009,1,3.362050533,0.8058872020000001,0.789520056,0.6799885609999999
20130917,70257219,58260798,2,0.52859952,0.289395329,0.059382232,0.38602284299999995
20130918,45987291,47203221,3,0.43669428200000004,0.189794465,0.34544390399999997,0.189794465
20130919,33043700,28998268,4,0.422781134,0.7580988809999999,0.281460176,0.385671838
20130920,28365762,24783458,5,0.144794053,0.330143017,0.141568226,0.47623582200000003
20130921,32406340,33186608,6,0.1424456,0.751101805,0.1424456,0.98599872
20130922,44420469,45361667,7,1.083362978,0.8033438190000001,0.425551512,0.479005815
20130923,54658160,58285879,1,0.190419421,0.215249826,0.183156266,0.306491694
20130924,58727729,56680792,2,0.35845881,0.02753818,0.074454921,0.02753818
20130925,58240196,74838162,3,0.36331823399999996,0.32034432399999996,0.008301581,0.32034432399999996
20130926,56375003,48467529,4,0.45362035799999995,0.352368795,0.032025871000000004,0.352368795
20130927,46178974,27639603,5,0.386395184,0.42972947899999997,0.180860815,0.42972947899999997
20130928,39995798,36649437,6,0.051470777,1.102263191,0.133895915,0.325975521
20130929,34433848,40295202,7,0.139063359,0.306519186,0.139063359,0.099476699
20130930,28398050,30181353,1,0.17528677,0.250993878,0.17528677,0.250993878
20131001,19137499,16742831,2,0.32609813,0.575457502,0.32609813,0.44525909799999996
20131002,13600467,10066656,3,0.395808825,0.43543875299999996,0.289328924,0.398748276
20131003,10101194,6223263,4,0.126398937,0.139705364,0.25729065,0.381794411
20131004,18478746,10588098,5,0.97082533,2.7620698339999996,0.8234500790000001,0.859889097
20131005,26873601,13966453,6,0.32434688899999997,0.403457876,0.46131648799999997,0.206648898
20131006,35226037,13464528,7,0.46903524700000004,0.035937901,0.308738602,0.035937901
20131007,42797733,32944368,1,0.105009332,1.145964567,0.214946007,1.5790873619999999
20131008,59543234,43071837,2,1.565717955,1.694504679,0.48161284600000004,0.45833378700000005
20131009,72422299,45628763,3,0.340457739,0.563304895,0.142133335,0.09900045800000001
20131010,72094613,41846589,4,0.004524656,0.536632055,0.004524656,0.082890128
20131011,82674757,33612015,5,0.1467536,0.470442696,0.1467536,0.196780053
20131012,81901136,31322983,6,0.009357403,0.13216393699999998,0.009357403,0.06810160000000001
20131013,71149981,31850475,7,0.13126991300000002,0.016840413999999998,0.13126991300000002,0.016840413999999998
20131014,95723195,40652625,1,0.831557762,0.276358516,0.34537203899999996,0.276358516
20131015,85704304,35099198,2,0.34233122299999996,0.136606849,0.10466523800000001,0.136606849
20131016,100948091,36545314,3,0.177864895,0.460488698,0.177864895,0.041200827
20131017,87203217,25252811,4,0.13615784,0.545964415,0.13615784,0.309000027
20131018,98151450,15938355,5,0.125548499,0.31520873899999996,0.125548499,0.36884828399999997
20131019,66355524,29485450,6,0.458505779,0.6742441109999999,0.32394759300000003,0.8763774559999999
20131020,47766681,42611625,7,0.10125907199999999,0.906873516,0.280140098,0.424834408
20131021,84394013,45781403,1,1.2197541840000001,0.100285054,0.847442886,0.074387635
20131022,117169143,63827999,2,0.373300931,1.100690033,0.327752618,0.394190541
20131023,106093112,73788462,3,0.271396044,0.232749137,0.094530272,0.156051626
20131024,69530830,58183921,4,0.344624465,0.211476708,0.344624465,0.211476708
20131025,69936453,52225802,5,0.005833714,0.10240146900000001,0.005833714,0.10240146900000001
20131026,55752506,49357211,6,0.20281193,0.054926700999999994,0.20281193,0.054926700999999994
20131027,68007543,46520570,7,0.219811411,0.057471663,0.219811411,0.057471663
20131028,90024902,55089464,1,0.911455248,0.18419580800000002,0.323748779,0.18419580800000002
20131029,102050144,43052468,2,0.214958885,0.218499058,0.133576841,0.218499058
20131030,109663260,54189667,3,0.074601717,0.48443757,0.074601717,0.258688979
20131031,90926701,55607833,4,0.170855389,0.12988635099999998,0.170855389,0.026170414
20131101,101321315,66933119,5,0.659632906,0.203663502,0.114318609,0.203663502
20131102,77387161,41511459,6,0.588268628,0.601012079,0.236220325,0.379806894
20131103,68707870,30895754,7,0.105831749,0.156905771,0.112154147,0.255729508
20131104,131722476,59540114,1,3.366710873,3.239095476,1.104492513,1.104972871
20131105,181864362,82689864,2,0.39703903,0.36863532299999996,0.257748283,0.271472514
20131106,181474910,99234712,3,0.0031513590000000003,0.5927928000000001,0.002141442,0.200083144
20131107,167963464,83306452,4,0.074453521,0.367490465,0.074453521,0.160510971
20131108,175393321,92856307,5,0.379761202,0.114635239,0.044234959000000004,0.114635239
20131109,155557940,74678574,6,0.454294211,0.505841095,0.11309085699999999,0.19576196399999998
20131110,164813471,119737907,7,0.303212969,0.858825561,0.05949893,0.6344919489999999
20131111,147986439,162473621,1,0.102097431,1.66285904,0.102097431,0.331079691
20131112,148469647,131263524,2,0.003265218,0.422064712,0.003265218,0.192093318
20131113,174554976,79121440,3,0.175694693,0.39723209,0.175694693,0.39723209
20131114,167996058,52554150,4,0.037575085,0.335778646,0.037575085,0.335778646
20131115,124270704,58210254,5,0.260276071,0.10762430699999999,0.260276071,0.10762430699999999
20131116,118085705,43188227,6,0.049770370999999994,0.501870031,0.049770370999999994,0.258064962
20131117,111786622,69119981,7,0.053343315,0.460813825,0.053343315,0.629577963
20131118,146306172,93793135,1,0.7512513890000001,2.232359436,0.30879857899999996,0.33269428
20131119,131365419,83684196,2,0.32896877399999996,0.486489282,0.10211977300000001,0.107779093
20131120,166163002,86951218,3,0.26489150100000003,0.23671456100000002,0.26489150100000003,0.039039892
20131121,221166938,74733962,4,0.331023966,0.140507014,0.331023966,0.140507014
20131122,146268214,82717921,5,0.418861209,0.106831737,0.338652444,0.106831737
20131123,112590741,48882131,6,0.306699383,0.409050295,0.230244645,0.409050295
20131124,102394991,68183735,7,0.149097962,0.7502499429999999,0.09055584800000001,0.394860118
20131125,147567847,70113127,1,0.43701953200000004,0.180499668,0.49395891799999997,0.028296954
20131126,187334642,65802983,2,0.753645408,0.061474137000000005,0.22461825,0.061474137000000005
20131127,153956398,86129498,3,0.47769598399999996,0.308899598,0.178174435,0.308899598
20131128,139760425,61453591,4,0.036997435,0.286497746,0.09220775,0.286497746
20131129,122536344,91794921,5,0.123240045,1.017492615,0.123240045,0.5340171579999999
20131130,116865492,119660311,6,0.046278939000000005,0.034858683,0.046278939000000005,0.26932444699999997
20131201,137889992,94632233,7,0.17990340600000002,0.209159393,0.17990340600000002,0.209159393
20131202,208538973,128465086,1,1.504266285,0.357519335,0.58865824,0.357519335
20131203,268666856,101662045,2,0.221961944,0.208640665,0.226452879,0.208640665
20131204,219456372,69981329,3,0.18316544399999998,0.31162776600000003,0.18316544399999998,0.31162776600000003
20131205,190825287,90287906,4,0.130463676,0.6898338559999999,0.130463676,0.290171354
20131206,152197159,82625571,5,0.202426673,0.301303961,0.202426673,0.084865574
20131207,138882605,71916047,6,0.087482277,0.129615128,0.087482277,0.129615128
20131208,124886903,76314292,7,0.100773614,0.061158047,0.100773614,0.061158047
20131209,159670442,112531723,1,0.398487814,0.747448551,0.27852031,0.49557223200000006
20131210,179471612,147147341,2,0.027590737999999997,0.103423277,0.124012746,0.289255955
20131211,239916977,110314592,3,0.336796245,0.250312026,0.336796245,0.250312026
20131212,181649891,92090275,4,0.414964257,0.16520314,0.242863539,0.16520314
20131213,164672690,90778214,5,0.173216599,0.014247552,0.09346111300000001,0.014247552
20131214,129045596,52234651,6,0.21635095699999998,0.424590453,0.21635095699999998,0.424590453
20131215,167558277,54757146,7,0.595423582,0.048291602,0.298442428,0.048291602
20131216,196489931,88258969,1,0.045620493,1.851816382,0.172666218,0.707209503
20131217,193980797,116537843,2,0.012769784,0.253715173,0.012769784,0.246635103
20131218,180215804,160927353,3,0.070960596,0.735237815,0.070960596,0.38090210700000005
20131219,233631357,164023344,4,0.29639771800000003,0.18889013600000001,0.29639771800000003,0.019238439
20131220,159833178,153678963,5,0.427014414,0.063066517,0.315874461,0.063066517
20131221,112000779,106942935,6,0.163345378,0.458926633,0.29926451800000003,0.30411467600000003
20131222,155343300,83998249,7,0.379840555,0.010182066,0.38643459799999996,0.21455074100000002
20131223,198747367,113694801,1,0.286030994,0.648584901,0.279914482,0.353537751
20131224,290004149,118607911,2,0.536656,0.143490654,0.465120954,0.043213145999999994
20131225,380076148,179953394,3,0.244493338,0.45652577899999996,0.305256163,0.512544201
20131226,270494174,241852564,4,0.420412435,0.39997043200000004,0.28831584,0.34812128
20131227,211118967,163522548,5,0.041620363,0.32387507,0.21950641699999998,0.32387507
20131228,192808006,93345252,6,0.086732904,0.62461923,0.086732904,0.42915975100000003
20131229,161473347,55129989,7,0.162517416,0.10187199400000001,0.162517416,0.40939696600000003
20131230,216355090,97834791,1,0.773412042,2.26186577,0.37322965799999996,0.889023685
20131231,265851934,134232530,2,0.071612416,0.253544737,0.19893545199999998,0.288939303
20140101,330926565,77367755,3,0.244777723,0.42362887,0.244777723,0.42362887
20140102,434956739,105785984,4,0.314360299,1.45781269,0.314360299,0.451198151
20140103,342074805,127714255,5,0.213542924,0.328369211,0.213542924,0.137503294
20140104,244730474,99869074,6,0.45600813799999995,0.218027197,0.284570303,0.218027197
20140105,206030707,145815153,7,0.107180587,0.569875335,0.158132195,0.46851022200000003
20140106,355256905,190917629,1,1.147709186,0.217726741,0.95522249,0.30178132
20140107,456904138,137972793,2,0.33273319,0.27731769100000003,0.134219095,0.27731769100000003
20140108,371917557,164081368,3,0.552292187,0.5501612260000001,0.186005278,0.18922988
20140109,280698487,140391237,4,0.063150523,0.343598334,0.24526691,0.144380384
20140110,237797636,117259153,5,0.152836061,0.16476871699999998,0.152836061,0.16476871699999998
20140111,243403438,71530182,6,0.023573834,0.38998210200000005,0.023573834,0.38998210200000005
20140112,228255344,125829896,7,0.062234511,0.978267188,0.062234511,0.7759738959999999
20140113,298308118,178923772,1,0.9592402179999999,0.264427019,0.35708490600000004,0.40845228
20140114,356907128,159778389,2,0.201919719,0.107003015,0.15219834599999998,0.107003015
20140115,391408718,177618247,3,0.096668257,0.11165376099999999,0.096668257,0.11165376099999999
20140116,374947083,153167426,4,0.042057405,0.13765939800000002,0.042057405,0.13765939800000002
20140117,345426853,127385210,5,0.078731723,0.168327018,0.078731723,0.168327018
20140118,233200688,142869842,6,0.324891259,0.12155753400000001,0.324891259,0.12155753400000001
20140119,185082022,117629351,7,0.206340155,0.176667732,0.206340155,0.176667732
20140120,300331009,218848311,1,0.8141201579999999,2.766033564,0.6374167070000001,1.007070905
20140121,403972075,302825136,2,0.229608495,0.316415772,0.362302917,0.282665769
20140122,498730606,292856188,3,0.20800541600000003,0.032919817000000004,0.20800541600000003,0.032919817000000004
20140123,481450097,209024328,4,0.034648984,0.286256065,0.034648984,0.286256065
20140124,614103894,246792728,5,0.275529692,0.654491629,0.275529692,0.180689015
20140125,440854623,254690034,6,0.2821172,0.463535865,0.2821172,0.031999752
20140126,528402520,289029471,7,0.198586773,0.7881836759999999,0.198586773,0.13482835
20140127,657199484,280645861,1,0.243747823,0.15405055,0.243747823,0.029006072999999997
20140128,843424742,248334316,2,0.283361845,0.115132804,0.283361845,0.115132804
20140129,952479658,215164666,3,0.129300115,0.133568532,0.129300115,0.133568532
20140130,577968694,122861720,4,0.7607127779999999,0.510662661,0.45180005,0.428987471
20140131,321468278,77507056,5,0.61685843,0.5428506479999999,0.503442555,0.36915211700000006
20140201,168846685,61527060,6,0.26381014199999997,0.278288098,0.509563295,0.206174726
20140202,100686065,44010658,7,0.099155256,0.603496088,0.544564264,0.284694279
20140203,75298751,45015728,1,0.45615312700000005,0.8900525990000001,0.30021,0.022836968
20140204,83653646,44927333,2,0.008018537,0.025631786,0.11095662099999999,0.0019636470000000002
20140205,157730554,78915644,3,1.4989226409999998,1.1236004370000001,0.932704069,0.784754595
20140206,237307788,111635336,4,0.090011131,0.17008722899999998,0.409348456,0.392234965
20140207,308822109,152198543,5,1.540233125,1.4497817880000001,0.43216070700000003,0.446925873
20140208,362826007,183432237,6,0.381057031,0.329271783,0.111829098,0.135606046
20140209,341911234,262954049,7,0.04562172900000001,0.43352146399999997,0.057644084000000005,0.43352146399999997
20140210,550977921,312588540,1,0.893664424,0.641934827,0.719199595,0.18875728
20140211,723208876,243058162,2,0.26462901899999997,0.43704402600000003,0.230336978,0.222434188
20140212,763009770,320134022,3,0.068140225,0.45885213700000005,0.055033747,0.317108709
20140213,626698794,362757986,4,0.178649057,0.023046788999999998,0.178649057,0.133144124
20140214,490710434,263261899,5,0.21699157800000002,0.274276765,0.21699157800000002,0.274276765
20140215,359142747,189260938,6,0.479544022,0.538620311,0.26811675,0.28109255899999996
20140216,331324628,259375809,7,0.297311969,0.5070941729999999,0.077456998,0.370466678
20140217,471468855,312103466,1,1.13119702,1.216843772,0.47745972600000003,0.203286718
20140218,593563145,271125324,2,0.15939957,0.331889767,0.21254414,0.131296658
20140219,408367966,323990451,3,0.312005859,0.194984099,0.312005859,0.194984099
20140220,478925191,230855410,4,0.17277855,0.287462302,0.17277855,0.287462302
20140221,353981687,178914448,5,0.260883132,0.22499348,0.260883132,0.22499348
20140222,282022706,134735118,6,0.203284474,0.246929918,0.203284474,0.246929918
20140223,337053711,243776612,7,0.19512969600000002,0.44887283200000005,0.19512969600000002,0.853889867
20140224,457910809,346810650,1,0.9472179759999999,1.425389726,0.403849925,0.388441825
20140225,563505889,299155352,2,0.141412076,0.36816429,0.19090923399999998,0.13741013400000002
20140226,680801145,284819682,3,0.208152671,0.047920486,0.208152671,0.047920486
20140227,672909288,366545307,4,0.011592015,0.730168479,0.011592015,0.286938123
20140228,488165540,322030204,5,0.36288328700000005,0.346511101,0.274544803,0.12144502199999999
20140301,362865580,211279011,6,0.153610526,0.343915545,0.256675143,0.343915545
20140302,276202230,246199417,7,0.23883045100000003,0.165280999,0.23883045100000003,0.165280999
20140303,404068047,336593251,1,0.82947785,1.083747258,0.491137747,0.36715697799999997
20140304,524146340,265409660,2,0.037285295,0.51158967,0.272645988,0.211482526
20140305,454295491,209072753,3,0.133265929,0.16558801,0.133265929,0.21226396600000003
20140306,561787770,243149884,4,0.236613132,0.162991736,0.236613132,0.162991736
20140307,380139779,291087220,5,0.32333917,0.197151383,0.32333917,0.197151383
20140308,289388822,212574308,6,0.360040221,0.517934171,0.23873049300000002,0.269722979
20140309,244752519,242309145,7,0.006076889,0.470266499,0.154243356,0.139879731
20140310,343541904,348796551,1,1.032003912,0.49307782899999997,0.451966176,0.4394692
20140311,430500816,420442568,2,0.13438999199999999,0.610306717,0.211407643,0.20540919
20140312,377007897,416491268,3,0.124257416,0.160367382,0.124257416,0.009397954
20140313,346286910,316973542,4,0.081486322,0.238943127,0.081486322,0.238943127
20140314,315897431,311575572,5,0.08775809300000001,0.017029718,0.08775809300000001,0.017029718
20140315,287407002,242799048,6,0.09018885900000001,0.22073785699999998,0.09018885900000001,0.22073785699999998
20140316,269387391,347142123,7,0.062697189,0.608674129,0.062697189,0.42975075799999995
20140317,339008082,440624592,1,0.258440793,0.128115783,0.258440793,0.269291632
20140318,435479117,410240726,2,0.28456854,0.068956355,0.28456854,0.068956355
20140319,359014064,429298917,3,0.175588335,0.046456117000000005,0.175588335,0.046456117000000005
20140320,365011495,336076380,4,0.016705281000000002,0.217150646,0.016705281000000002,0.217150646
20140321,282351818,259655286,5,0.226457737,0.22739204100000002,0.226457737,0.22739204100000002
20140322,191700135,194712669,6,0.321059321,0.46837434299999997,0.321059321,0.250110899
20140323,167456369,186443311,7,0.12646713099999998,0.35065274700000004,0.12646713099999998,0.042469543
20140324,243577711,256549073,1,0.8702204990000001,1.3483023159999998,0.486546976,0.45080772
20140325,314345006,312710515,2,0.003718854,0.285764107,0.26277582,0.156074495
20140326,272935544,450254233,3,0.131732527,0.43984359799999995,0.131732527,0.43984359799999995
20140327,266231082,359071642,4,0.024564269,0.202513567,0.024564269,0.202513567
20140328,225966355,405443946,5,0.151239768,0.129144991,0.151239768,0.129144991
20140329,160250985,275054937,6,0.290819268,0.617688074,0.290819268,0.321595649
20140330,205533934,321207460,7,0.282575168,0.707770766,0.282575168,0.167793836
20140331,331999764,340829817,1,0.940725296,0.601167054,0.640336311,0.061089356
20140401,453320585,277429358,2,0.136469642,0.34545798299999997,0.344587307,0.18601793600000002
20140402,355347118,272612066,3,0.21612402,0.017364031000000002,0.21612402,0.017364031000000002
20140403,363877120,266605457,4,0.024004703,0.022033541,0.024004703,0.022033541
20140404,251895894,200192637,5,0.30774462,0.249105254,0.30774462,0.249105254
20140405,202336542,163199682,6,0.19674537399999997,0.184786791,0.19674537399999997,0.184786791
20140406,176250006,139576683,7,0.36008961700000003,0.14474905,0.12892646900000002,0.14474905
20140407,250593918,176966561,1,0.521010192,0.267880546,0.41054446299999997,0.267880546
20140408,326923280,250015131,2,0.801446903,0.412781768,0.315012638,0.412781768
20140409,383347565,289330278,3,0.080551918,0.157251071,0.172591823,0.157251071
20140410,386567460,286914864,4,0.008399414000000001,0.008348293,0.008399414000000001,0.008348293
20140411,267346465,277077434,5,0.384764869,0.03428693,0.308409288,0.03428693
20140412,177642053,193102492,6,0.25307092800000003,0.555014935,0.335536181,0.30307391300000003
20140413,208172985,262674732,7,0.171867705,0.451269375,0.171867705,0.36028659799999996
20140414,295302822,321318264,1,0.488441303,1.324797442,0.442883701,0.223255322
20140415,377366076,285293076,2,0.38349752600000003,0.314177878,0.256339917,0.11211683900000001
20140416,387847838,255914640,3,0.09525351300000001,0.10297633699999999,0.027776111000000003,0.10297633699999999
20140417,355792647,265341592,4,0.082648884,0.036836314,0.082648884,0.036836314
20140418,239300383,225952909,5,0.327416165,0.14844519,0.327416165,0.14844519
20140419,268729366,146374940,6,0.122979256,0.352188292,0.122979256,0.352188292
20140420,191259529,161057781,7,0.288281992,0.1003098,0.288281992,0.1003098
20140421,245240867,223900771,1,0.574481902,0.835585056,0.282241299,0.390189096
20140422,285248757,268810141,2,0.052753508,0.090737199,0.163137125,0.200577112
20140423,313677307,278470936,3,0.09966231,0.035939102,0.09966231,0.035939102
20140424,318358891,224536754,4,0.014924841000000001,0.193679753,0.014924841000000001,0.193679753
20140425,220927432,227764292,5,0.30604284,0.014374208000000001,0.30604284,0.014374208000000001
20140426,151625415,158122962,6,0.31368679,0.305760527,0.31368679,0.305760527
20140427,146837951,191915377,7,0.031574285,0.213709727,0.031574285,0.213709727
20140428,241915666,275739487,1,1.212897073,0.7076523,0.6909929709999999,0.436776413
20140429,330607104,307578349,2,0.017449005,0.061473498,0.331472078,0.115467184
20140430,260091330,281835975,3,0.213291769,0.083693713,0.213291769,0.083693713
20140501,193045106,182140264,4,0.257779542,0.491325566,0.257779542,0.353736641
20140502,125336258,121222064,5,0.350741075,0.154438236,0.350741075,0.334457624
20140503,207779374,224354481,6,0.47678326299999996,0.6463013120000001,0.656029519,0.892671445
20140504,289714948,322407842,7,0.637474812,1.070582182,0.39930892799999995,0.405234141
20140505,370924149,309330781,1,0.223818446,0.251417505,0.277105295,0.040560617
20140506,318002728,341108696,2,0.142674509,0.102731176,0.142674509,0.102731176
20140507,417327518,239372999,3,0.312339427,0.298250083,0.312339427,0.298250083
20140508,392838756,273187499,4,0.05867996,0.1412628,0.05867996,0.1412628
20140509,281479009,247743971,5,0.283474442,0.09313577,0.283474442,0.09313577
20140510,287240171,147248328,6,0.020467466,0.405643143,0.020467466,0.405643143
20140511,264924277,152945581,7,0.364907553,0.038691461,0.07769071400000001,0.038691461
20140512,288424789,215267636,1,0.782158514,0.921944433,0.088706525,0.407478625
20140513,275241493,257918375,2,0.15338599,0.122586074,0.045707915999999994,0.19812889600000003
20140514,305474522,316225442,3,0.109841829,0.226067906,0.109841829,0.226067906
20140515,313367089,238307643,4,0.025837071,0.246399526,0.025837071,0.246399526
20140516,231967423,282094916,5,0.259758184,0.18374263,0.259758184,0.18374263
20140517,170983868,193796435,6,0.262897066,0.482959941,0.262897066,0.313009828
20140518,164419642,153440019,7,0.038390908,0.052008362,0.038390908,0.208241271
20140519,260275771,216412706,1,0.575711556,0.914698707,0.631969865,0.410405886
20140520,348079772,260040720,2,0.752195963,0.114879759,0.297217959,0.201596361
20140521,297799722,250223726,3,0.34398889,0.037751757000000004,0.14444979,0.037751757000000004
20140522,344636549,251108485,4,0.157276262,0.0035358720000000002,0.157276262,0.0035358720000000002
20140523,249546195,229000787,5,0.275914886,0.08804042599999999,0.275914886,0.08804042599999999
20140524,192187658,154409868,6,0.358542598,0.325723418,0.229851379,0.325723418
20140525,166943526,220040732,7,0.04291955,0.49604919,0.131351473,0.42504319700000004
20140526,237140774,274707572,1,1.065913404,0.18918577399999997,0.47013333700000004,0.248439639
20140527,299049555,321965845,2,0.132915415,0.172031199,0.218475644,0.172031199
20140528,276134813,415891684,3,0.076625234,0.291726096,0.076625234,0.291726096
20140529,320549863,313827800,4,0.16084552900000001,0.245409774,0.16084552900000001,0.245409774
20140530,226547701,312802179,5,0.293252853,0.003268101,0.293252853,0.003268101
20140531,146823669,201831165,6,0.351908369,0.543283031,0.351908369,0.354764197
20140601,183489775,149829253,7,0.24972885,0.04876865,0.24972885,0.257650557
20140602,158219402,170409506,1,0.13772087800000002,0.137358043,0.13772087800000002,0.137358043
20140603,218360346,242691520,2,0.7121001509999999,1.262917082,0.40564868299999995,0.488685831
20140604,274460744,303978838,3,0.01319102,0.211719302,0.234081118,0.19824735300000002
20140605,318639070,355645445,4,0.384688249,0.16996777600000001,0.160964098,0.16996777600000001
20140606,301413900,274862067,5,0.206894369,0.227145825,0.054058562000000004,0.227145825
20140607,263795721,196863658,6,0.37692987899999997,0.46808383299999995,0.124805721,0.283772911
20140608,310693788,169525332,7,0.6089886,0.159515625,0.177781758,0.138869339
20140609,366114374,239820175,1,0.21161212699999998,0.696030609,0.178376872,0.41465686700000004
20140610,354031597,298190025,2,0.033002738999999996,0.037110001000000004,0.033002738999999996,0.243390073
20140611,327661453,246127540,3,0.074485284,0.174594992,0.074485284,0.174594992
20140612,332365185,236467885,4,0.014355463,0.039246542999999995,0.014355463,0.039246542999999995
20140613,216923770,284394372,5,0.347333055,0.6357360320000001,0.347333055,0.20267651600000003
20140614,181574530,229916191,6,0.162956969,0.40559265299999997,0.162956969,0.191558576
20140615,166080126,279629812,7,0.085333576,0.492755358,0.085333576,0.21622496800000002
20140616,224478115,402345514,1,1.332057985,3.2216912389999997,0.427043282,0.43885056899999997
20140617,270350693,502560223,2,0.30197580399999996,0.020738793000000002,0.140703243,0.249076243
20140618,335262709,421920230,3,0.240103013,0.16045836800000002,0.240103013,0.16045836800000002
20140619,338609087,284956260,4,0.009981361,0.324620533,0.009981361,0.324620533
20140620,251582530,286583065,5,0.257011877,0.005708964,0.257011877,0.005708964
20140621,177999186,231003775,6,0.29248193,0.19393780300000002,0.29248193,0.19393780300000002
20140622,147180819,322023017,7,0.173137685,0.563981593,0.173137685,0.394016254
20140623,197645862,373779624,1,0.577839229,0.034581977,0.36095180299999996,0.160723316
20140624,245450766,428471509,2,0.056940226,0.146321205,0.22537899399999997,0.146321205
20140625,264663201,547295931,3,0.078274089,0.277321641,0.078274089,0.277321641
20140626,297628039,418742109,4,0.124553916,0.23488905100000002,0.124553916,0.23488905100000002
20140627,264282703,399444352,5,0.112036944,0.046085064,0.112036944,0.046085064
20140628,192303468,283400236,6,0.417948435,0.290513849,0.272356965,0.290513849
20140629,158801540,261170799,7,0.032344167,0.078438315,0.174213852,0.078438315
20140630,273927700,363961044,1,1.103594915,0.7480813159999999,0.7540938770000001,0.3935748
20140701,347637424,374164541,2,0.15079784699999998,0.180448256,0.380092896,0.028034585
20140702,384555819,328950951,3,0.00033053199999999997,0.120838789,0.00033053199999999997,0.120838789
20140703,297894643,289009780,4,0.22535395800000002,0.12141983699999999,0.22535395800000002,0.12141983699999999
20140704,211649838,264494550,5,0.289514454,0.084824915,0.289514454,0.084824915
20140705,169383796,272535138,6,0.199697965,0.030399825,0.199697965,0.030399825
20140706,199569025,195530758,7,0.17820612,0.282548447,0.17820612,0.282548447
20140707,231997325,273505317,1,0.36385316799999995,0.624361161,0.16249164900000002,0.39878410799999997
20140708,224240103,340453063,2,0.17614168,0.071913067,0.033436687,0.24477676199999998
20140709,278005555,269642881,3,0.239767335,0.207988089,0.239767335,0.207988089
20140710,283095921,326009240,4,0.018310303,0.209040783,0.018310303,0.209040783
20140711,208671021,240050748,5,0.262896405,0.263668883,0.262896405,0.263668883
20140712,177644343,149081488,6,0.148687047,0.378958453,0.148687047,0.378958453
20140713,179759885,199459990,7,0.011908862,0.33792594,0.011908862,0.33792594
20140714,257192821,284753279,1,0.41743261600000003,0.427621043,0.429732601,0.427621043
20140715,334810012,261722182,2,0.314023805,0.080880884,0.302719262,0.080880884
20140716,394890140,234775948,3,0.179445434,0.102957395,0.179445434,0.102957395
20140717,285620338,298279385,4,0.359286915,0.270485276,0.27670937,0.270485276
20140718,208959595,208671287,5,0.174109569,0.300416665,0.268400855,0.300416665
20140719,210318023,155464283,6,0.006500911999999999,0.25497999600000004,0.006500911999999999,0.25497999600000004
20140720,176449304,174462836,7,0.161035743,0.12220525900000001,0.161035743,0.12220525900000001
20140721,233487775,277769364,1,1.142760472,1.488733354,0.323256991,0.661109275
20140722,258140012,369043423,2,0.35707097,0.150044529,0.10558256,0.2734337
20140723,265461894,308353077,3,0.092057679,0.16445313,0.028363995,0.16445313
20140724,277044480,347622431,4,0.043631822,0.12735191199999998,0.043631822,0.12735191199999998
20140725,181641088,262874791,5,0.344361281,0.243792208,0.344361281,0.243792208
20140726,128268053,282653341,6,0.293837895,0.075239432,0.293837895,0.075239432
20140727,151406251,166610652,7,0.180389407,0.410547735,0.180389407,0.410547735
20140728,197105965,239154323,1,1.455398991,1.076619381,0.389867615,0.484732285
20140729,229477000,303480103,2,0.386455361,0.122856689,0.09049058900000001,0.226815648
20140730,209917272,250117716,3,0.079685788,0.175834878,0.085236115,0.175834878
20140731,191728916,277194379,4,0.086645352,0.10825567800000001,0.086645352,0.10825567800000001
20140801,251901927,252540858,5,0.955285321,0.08893946900000001,0.313844214,0.08893946900000001
20140802,204939818,172250225,6,0.495599281,0.31793125899999997,0.18643013,0.31793125899999997
20140803,173825397,127125217,7,0.080737009,0.261973579,0.151822234,0.261973579
20140804,286019346,179915568,1,0.902143701,1.540074516,0.665186889,0.5017866120000001
20140805,323207077,221706539,2,0.19398685699999998,0.313405472,0.36389170200000004,0.161284332
20140806,288821016,282346594,3,0.268401693,0.273514959,0.268401693,0.273514959
20140807,247646474,253659514,4,0.142560755,0.101602359,0.142560755,0.101602359
20140808,233903717,311648757,5,0.05549344900000001,0.22861055800000002,0.05549344900000001,0.22861055800000002
20140809,160262764,221723230,6,0.314834471,0.47501248,0.314834471,0.28854768399999997
20140810,246411367,189909225,7,0.619433383,0.16073126599999998,0.543845001,0.143485214
20140811,331550471,268584407,1,0.27747948100000003,1.204228552,0.34002630799999994,0.414277832
20140812,258493673,309754858,2,0.22034895,0.260027737,0.22034895,0.153286825
20140813,261506619,303975517,3,0.011655782,0.01865779,0.011655782,0.01865779
20140814,257702660,211939431,4,0.01454632,0.302774667,0.01454632,0.302774667
20140815,244551620,236516007,5,0.051031836,0.115960375,0.051031836,0.115960375
20140816,215059736,219214339,6,0.12059574199999999,0.073152207,0.12059574199999999,0.073152207
20140817,149978271,139564084,7,0.302620408,0.363344183,0.302620408,0.363344183
20140818,211534900,199540389,1,0.990282619,0.856989338,0.45504049700000004,0.462605565
20140819,266401973,254929877,2,0.107528525,0.016356658,0.220770465,0.24887751100000002
20140820,308378692,202452782,3,0.1575691,0.20584913600000002,0.1575691,0.20584913600000002
20140821,251763517,219963356,4,0.183589776,0.08649213800000001,0.183589776,0.08649213800000001
20140822,246316056,179349206,5,0.021637214,0.184640527,0.021637214,0.184640527
20140823,172641189,199377531,6,0.425891965,0.111672226,0.299107042,0.111672226
20140824,130195484,191080151,7,0.07931816900000001,0.041616425,0.24586082399999998,0.041616425
20140825,221940802,262990708,1,1.3777646769999998,0.634986205,0.756449824,0.37633713700000004
20140826,306945089,285478563,2,0.008492742,0.08621540300000001,0.34223642600000004,0.085508173
20140827,302194801,350512190,3,0.015476018999999999,0.639927503,0.015476018999999999,0.227805641
20140828,245082751,297893861,4,0.188990842,0.363697834,0.188990842,0.15011839999999999
20140829,267554713,273756380,5,0.091691324,0.081027118,0.091691324,0.081027118
20140830,199708772,196374134,6,0.25357782100000004,0.282668283,0.25357782100000004,0.282668283
20140831,275090213,292943033,7,0.377456835,0.49175977,0.377456835,0.49175977
